{
  "hidden": 50,
  "lr": 0.051375223575950174,
  "momentum": 0.8964846749264076,
  "threads": 2
}